keyword,period,index,province
泰奇八宝粥,2021-02-16|2021-02-23,114,山东
泰奇八宝粥,2021-02-16|2021-02-23,0,贵州
泰奇八宝粥,2021-02-16|2021-02-23,114,江西
泰奇八宝粥,2021-02-16|2021-02-23,0,重庆
泰奇八宝粥,2021-02-16|2021-02-23,0,内蒙古
泰奇八宝粥,2021-02-16|2021-02-23,0,湖北
泰奇八宝粥,2021-02-16|2021-02-23,114,辽宁
泰奇八宝粥,2021-02-16|2021-02-23,362,湖南
泰奇八宝粥,2021-02-16|2021-02-23,57,福建
泰奇八宝粥,2021-02-16|2021-02-23,114,上海
泰奇八宝粥,2021-02-16|2021-02-23,0,北京
泰奇八宝粥,2021-02-16|2021-02-23,234,广西
泰奇八宝粥,2021-02-16|2021-02-23,977,广东
泰奇八宝粥,2021-02-16|2021-02-23,0,四川
泰奇八宝粥,2021-02-16|2021-02-23,57,云南
泰奇八宝粥,2021-02-16|2021-02-23,230,江苏
泰奇八宝粥,2021-02-16|2021-02-23,175,浙江
泰奇八宝粥,2021-02-16|2021-02-23,57,青海
泰奇八宝粥,2021-02-16|2021-02-23,0,宁夏
泰奇八宝粥,2021-02-16|2021-02-23,57,河北
泰奇八宝粥,2021-02-16|2021-02-23,0,黑龙江
泰奇八宝粥,2021-02-16|2021-02-23,57,吉林
泰奇八宝粥,2021-02-16|2021-02-23,0,天津
泰奇八宝粥,2021-02-16|2021-02-23,114,山东
泰奇八宝粥,2021-02-16|2021-02-23,0,贵州
泰奇八宝粥,2021-02-16|2021-02-23,114,江西
泰奇八宝粥,2021-02-16|2021-02-23,0,重庆
泰奇八宝粥,2021-02-16|2021-02-23,0,内蒙古
泰奇八宝粥,2021-02-16|2021-02-23,0,湖北
泰奇八宝粥,2021-02-16|2021-02-23,114,辽宁
泰奇八宝粥,2021-02-16|2021-02-23,362,湖南
泰奇八宝粥,2021-02-16|2021-02-23,57,福建
泰奇八宝粥,2021-02-16|2021-02-23,114,上海
泰奇八宝粥,2021-02-16|2021-02-23,0,北京
泰奇八宝粥,2021-02-16|2021-02-23,234,广西
泰奇八宝粥,2021-02-16|2021-02-23,977,广东
泰奇八宝粥,2021-02-16|2021-02-23,0,四川
泰奇八宝粥,2021-02-16|2021-02-23,57,云南
泰奇八宝粥,2021-02-16|2021-02-23,230,江苏
泰奇八宝粥,2021-02-16|2021-02-23,175,浙江
泰奇八宝粥,2021-02-16|2021-02-23,57,青海
泰奇八宝粥,2021-02-16|2021-02-23,0,宁夏
泰奇八宝粥,2021-02-16|2021-02-23,57,河北
泰奇八宝粥,2021-02-16|2021-02-23,0,黑龙江
泰奇八宝粥,2021-02-16|2021-02-23,57,吉林
泰奇八宝粥,2021-02-16|2021-02-23,0,天津
泰奇八宝粥,2021-02-16|2021-02-23,57,陕西
泰奇八宝粥,2021-02-16|2021-02-23,0,甘肃
泰奇八宝粥,2021-02-16|2021-02-23,0,新疆
泰奇八宝粥,2021-02-16|2021-02-23,174,河南
泰奇八宝粥,2021-02-16|2021-02-23,228,安徽
泰奇八宝粥,2021-02-16|2021-02-23,0,山西
泰奇八宝粥,2021-02-16|2021-02-23,0,海南
泰奇八宝粥,2021-02-16|2021-02-23,0,台湾
泰奇八宝粥,2021-02-16|2021-02-23,0,西藏
泰奇八宝粥,2021-02-16|2021-02-23,0,香港
泰奇八宝粥,2021-02-16|2021-02-23,0,澳门
银鹭,2021-02-16|2021-02-23,698,山东
银鹭,2021-02-16|2021-02-23,298,贵州
银鹭,2021-02-16|2021-02-23,426,江西
银鹭,2021-02-16|2021-02-23,292,重庆
银鹭,2021-02-16|2021-02-23,60,内蒙古
银鹭,2021-02-16|2021-02-23,538,湖北
银鹭,2021-02-16|2021-02-23,461,辽宁
银鹭,2021-02-16|2021-02-23,620,湖南
银鹭,2021-02-16|2021-02-23,877,福建
银鹭,2021-02-16|2021-02-23,602,上海
银鹭,2021-02-16|2021-02-23,525,北京
银鹭,2021-02-16|2021-02-23,289,广西
银鹭,2021-02-16|2021-02-23,797,广东
银鹭,2021-02-16|2021-02-23,550,四川
银鹭,2021-02-16|2021-02-23,175,云南
银鹭,2021-02-16|2021-02-23,501,江苏
银鹭,2021-02-16|2021-02-23,659,浙江
银鹭,2021-02-16|2021-02-23,57,青海
银鹭,2021-02-16|2021-02-23,0,宁夏
银鹭,2021-02-16|2021-02-23,592,河北
银鹭,2021-02-16|2021-02-23,359,黑龙江
银鹭,2021-02-16|2021-02-23,171,吉林
银鹭,2021-02-16|2021-02-23,0,天津
银鹭,2021-02-16|2021-02-23,243,陕西
银鹭,2021-02-16|2021-02-23,172,甘肃
银鹭,2021-02-16|2021-02-23,57,新疆
银鹭,2021-02-16|2021-02-23,769,河南
银鹭,2021-02-16|2021-02-23,634,安徽
银鹭,2021-02-16|2021-02-23,653,山西
银鹭,2021-02-16|2021-02-23,114,海南
银鹭,2021-02-16|2021-02-23,0,台湾
银鹭,2021-02-16|2021-02-23,0,西藏
银鹭,2021-02-16|2021-02-23,57,香港
银鹭,2021-02-16|2021-02-23,0,澳门
达利园,2021-02-16|2021-02-23,1230,山东
达利园,2021-02-16|2021-02-23,505,贵州
达利园,2021-02-16|2021-02-23,719,江西
达利园,2021-02-16|2021-02-23,627,重庆
达利园,2021-02-16|2021-02-23,414,内蒙古
达利园,2021-02-16|2021-02-23,737,湖北
达利园,2021-02-16|2021-02-23,764,辽宁
达利园,2021-02-16|2021-02-23,601,湖南
达利园,2021-02-16|2021-02-23,1084,福建
达利园,2021-02-16|2021-02-23,875,上海
达利园,2021-02-16|2021-02-23,848,北京
达利园,2021-02-16|2021-02-23,695,广西
达利园,2021-02-16|2021-02-23,1021,广东
达利园,2021-02-16|2021-02-23,894,四川
达利园,2021-02-16|2021-02-23,392,云南
达利园,2021-02-16|2021-02-23,1020,江苏
达利园,2021-02-16|2021-02-23,832,浙江
达利园,2021-02-16|2021-02-23,57,青海
达利园,2021-02-16|2021-02-23,406,宁夏
达利园,2021-02-16|2021-02-23,1020,河北
达利园,2021-02-16|2021-02-23,681,黑龙江
达利园,2021-02-16|2021-02-23,516,吉林
达利园,2021-02-16|2021-02-23,549,天津
达利园,2021-02-16|2021-02-23,872,陕西
达利园,2021-02-16|2021-02-23,560,甘肃
达利园,2021-02-16|2021-02-23,471,新疆
达利园,2021-02-16|2021-02-23,1255,河南
达利园,2021-02-16|2021-02-23,909,安徽
达利园,2021-02-16|2021-02-23,744,山西
达利园,2021-02-16|2021-02-23,463,海南
达利园,2021-02-16|2021-02-23,0,台湾
达利园,2021-02-16|2021-02-23,0,西藏
达利园,2021-02-16|2021-02-23,57,香港
达利园,2021-02-16|2021-02-23,0,澳门
燕之坊,2021-02-16|2021-02-23,529,山东
燕之坊,2021-02-16|2021-02-23,57,贵州
燕之坊,2021-02-16|2021-02-23,469,江西
燕之坊,2021-02-16|2021-02-23,117,重庆
燕之坊,2021-02-16|2021-02-23,57,内蒙古
燕之坊,2021-02-16|2021-02-23,470,湖北
燕之坊,2021-02-16|2021-02-23,349,辽宁
燕之坊,2021-02-16|2021-02-23,350,湖南
燕之坊,2021-02-16|2021-02-23,353,福建
燕之坊,2021-02-16|2021-02-23,658,上海
燕之坊,2021-02-16|2021-02-23,524,北京
燕之坊,2021-02-16|2021-02-23,172,广西
燕之坊,2021-02-16|2021-02-23,639,广东
燕之坊,2021-02-16|2021-02-23,419,四川
燕之坊,2021-02-16|2021-02-23,57,云南
燕之坊,2021-02-16|2021-02-23,743,江苏
燕之坊,2021-02-16|2021-02-23,721,浙江
燕之坊,2021-02-16|2021-02-23,0,青海
燕之坊,2021-02-16|2021-02-23,0,宁夏
燕之坊,2021-02-16|2021-02-23,522,河北
燕之坊,2021-02-16|2021-02-23,172,黑龙江
燕之坊,2021-02-16|2021-02-23,57,吉林
燕之坊,2021-02-16|2021-02-23,0,天津
燕之坊,2021-02-16|2021-02-23,115,陕西
燕之坊,2021-02-16|2021-02-23,0,甘肃
燕之坊,2021-02-16|2021-02-23,0,新疆
燕之坊,2021-02-16|2021-02-23,349,河南
燕之坊,2021-02-16|2021-02-23,937,安徽
燕之坊,2021-02-16|2021-02-23,115,山西
燕之坊,2021-02-16|2021-02-23,0,海南
燕之坊,2021-02-16|2021-02-23,0,台湾
燕之坊,2021-02-16|2021-02-23,0,西藏
燕之坊,2021-02-16|2021-02-23,0,香港
燕之坊,2021-02-16|2021-02-23,0,澳门
娃哈哈八宝粥,2021-02-16|2021-02-23,702,山东
娃哈哈八宝粥,2021-02-16|2021-02-23,61,贵州
娃哈哈八宝粥,2021-02-16|2021-02-23,114,江西
娃哈哈八宝粥,2021-02-16|2021-02-23,57,重庆
娃哈哈八宝粥,2021-02-16|2021-02-23,418,内蒙古
娃哈哈八宝粥,2021-02-16|2021-02-23,592,湖北
娃哈哈八宝粥,2021-02-16|2021-02-23,432,辽宁
娃哈哈八宝粥,2021-02-16|2021-02-23,301,湖南
娃哈哈八宝粥,2021-02-16|2021-02-23,57,福建
娃哈哈八宝粥,2021-02-16|2021-02-23,171,上海
娃哈哈八宝粥,2021-02-16|2021-02-23,291,北京
娃哈哈八宝粥,2021-02-16|2021-02-23,57,广西
娃哈哈八宝粥,2021-02-16|2021-02-23,407,广东
娃哈哈八宝粥,2021-02-16|2021-02-23,114,四川
娃哈哈八宝粥,2021-02-16|2021-02-23,57,云南
娃哈哈八宝粥,2021-02-16|2021-02-23,476,江苏
娃哈哈八宝粥,2021-02-16|2021-02-23,623,浙江
娃哈哈八宝粥,2021-02-16|2021-02-23,57,青海
娃哈哈八宝粥,2021-02-16|2021-02-23,175,宁夏
娃哈哈八宝粥,2021-02-16|2021-02-23,495,河北
娃哈哈八宝粥,2021-02-16|2021-02-23,359,黑龙江
娃哈哈八宝粥,2021-02-16|2021-02-23,415,吉林
娃哈哈八宝粥,2021-02-16|2021-02-23,489,天津
娃哈哈八宝粥,2021-02-16|2021-02-23,305,陕西
娃哈哈八宝粥,2021-02-16|2021-02-23,376,甘肃
娃哈哈八宝粥,2021-02-16|2021-02-23,58,新疆
娃哈哈八宝粥,2021-02-16|2021-02-23,117,河南
娃哈哈八宝粥,2021-02-16|2021-02-23,346,安徽
娃哈哈八宝粥,2021-02-16|2021-02-23,516,山西
娃哈哈八宝粥,2021-02-16|2021-02-23,0,海南
娃哈哈八宝粥,2021-02-16|2021-02-23,0,台湾
娃哈哈八宝粥,2021-02-16|2021-02-23,0,西藏
娃哈哈八宝粥,2021-02-16|2021-02-23,0,香港
娃哈哈八宝粥,2021-02-16|2021-02-23,0,澳门
五芳斋,2021-02-16|2021-02-23,792,山东
五芳斋,2021-02-16|2021-02-23,286,贵州
五芳斋,2021-02-16|2021-02-23,413,江西
五芳斋,2021-02-16|2021-02-23,405,重庆
五芳斋,2021-02-16|2021-02-23,237,内蒙古
五芳斋,2021-02-16|2021-02-23,1205,湖北
五芳斋,2021-02-16|2021-02-23,675,辽宁
五芳斋,2021-02-16|2021-02-23,528,湖南
五芳斋,2021-02-16|2021-02-23,541,福建
五芳斋,2021-02-16|2021-02-23,1061,上海
五芳斋,2021-02-16|2021-02-23,1077,北京
五芳斋,2021-02-16|2021-02-23,412,广西
五芳斋,2021-02-16|2021-02-23,1004,广东
五芳斋,2021-02-16|2021-02-23,768,四川
五芳斋,2021-02-16|2021-02-23,118,云南
五芳斋,2021-02-16|2021-02-23,883,江苏
五芳斋,2021-02-16|2021-02-23,1453,浙江
五芳斋,2021-02-16|2021-02-23,0,青海
五芳斋,2021-02-16|2021-02-23,0,宁夏
五芳斋,2021-02-16|2021-02-23,861,河北
五芳斋,2021-02-16|2021-02-23,407,黑龙江
五芳斋,2021-02-16|2021-02-23,350,吉林
五芳斋,2021-02-16|2021-02-23,595,天津
五芳斋,2021-02-16|2021-02-23,413,陕西
五芳斋,2021-02-16|2021-02-23,57,甘肃
五芳斋,2021-02-16|2021-02-23,58,新疆
五芳斋,2021-02-16|2021-02-23,690,河南
五芳斋,2021-02-16|2021-02-23,720,安徽
五芳斋,2021-02-16|2021-02-23,348,山西
五芳斋,2021-02-16|2021-02-23,342,海南
五芳斋,2021-02-16|2021-02-23,57,台湾
五芳斋,2021-02-16|2021-02-23,0,西藏
五芳斋,2021-02-16|2021-02-23,57,香港
五芳斋,2021-02-16|2021-02-23,0,澳门
方家铺子,2021-02-16|2021-02-23,409,山东
方家铺子,2021-02-16|2021-02-23,0,贵州
方家铺子,2021-02-16|2021-02-23,117,江西
方家铺子,2021-02-16|2021-02-23,0,重庆
方家铺子,2021-02-16|2021-02-23,0,内蒙古
方家铺子,2021-02-16|2021-02-23,57,湖北
方家铺子,2021-02-16|2021-02-23,176,辽宁
方家铺子,2021-02-16|2021-02-23,228,湖南
方家铺子,2021-02-16|2021-02-23,661,福建
方家铺子,2021-02-16|2021-02-23,179,上海
方家铺子,2021-02-16|2021-02-23,709,北京
方家铺子,2021-02-16|2021-02-23,58,广西
方家铺子,2021-02-16|2021-02-23,471,广东
方家铺子,2021-02-16|2021-02-23,171,四川
方家铺子,2021-02-16|2021-02-23,58,云南
方家铺子,2021-02-16|2021-02-23,350,江苏
方家铺子,2021-02-16|2021-02-23,457,浙江
方家铺子,2021-02-16|2021-02-23,0,青海
方家铺子,2021-02-16|2021-02-23,0,宁夏
方家铺子,2021-02-16|2021-02-23,357,河北
方家铺子,2021-02-16|2021-02-23,0,黑龙江
方家铺子,2021-02-16|2021-02-23,57,吉林
方家铺子,2021-02-16|2021-02-23,57,天津
方家铺子,2021-02-16|2021-02-23,57,陕西
方家铺子,2021-02-16|2021-02-23,0,甘肃
方家铺子,2021-02-16|2021-02-23,0,新疆
方家铺子,2021-02-16|2021-02-23,172,河南
方家铺子,2021-02-16|2021-02-23,286,安徽
方家铺子,2021-02-16|2021-02-23,0,山西
方家铺子,2021-02-16|2021-02-23,0,海南
方家铺子,2021-02-16|2021-02-23,0,台湾
方家铺子,2021-02-16|2021-02-23,0,西藏
方家铺子,2021-02-16|2021-02-23,0,香港
方家铺子,2021-02-16|2021-02-23,0,澳门
禾煜,2021-02-16|2021-02-23,58,山东
禾煜,2021-02-16|2021-02-23,0,贵州
禾煜,2021-02-16|2021-02-23,0,江西
禾煜,2021-02-16|2021-02-23,57,重庆
禾煜,2021-02-16|2021-02-23,0,内蒙古
禾煜,2021-02-16|2021-02-23,0,湖北
禾煜,2021-02-16|2021-02-23,0,辽宁
禾煜,2021-02-16|2021-02-23,114,湖南
禾煜,2021-02-16|2021-02-23,0,福建
禾煜,2021-02-16|2021-02-23,468,上海
禾煜,2021-02-16|2021-02-23,114,北京
禾煜,2021-02-16|2021-02-23,0,广西
禾煜,2021-02-16|2021-02-23,57,广东
禾煜,2021-02-16|2021-02-23,114,四川
禾煜,2021-02-16|2021-02-23,0,云南
禾煜,2021-02-16|2021-02-23,228,江苏
禾煜,2021-02-16|2021-02-23,175,浙江
禾煜,2021-02-16|2021-02-23,0,青海
禾煜,2021-02-16|2021-02-23,57,宁夏
禾煜,2021-02-16|2021-02-23,171,河北
禾煜,2021-02-16|2021-02-23,114,黑龙江
禾煜,2021-02-16|2021-02-23,114,吉林
禾煜,2021-02-16|2021-02-23,0,天津
禾煜,2021-02-16|2021-02-23,0,陕西
禾煜,2021-02-16|2021-02-23,57,甘肃
禾煜,2021-02-16|2021-02-23,0,新疆
禾煜,2021-02-16|2021-02-23,114,河南
禾煜,2021-02-16|2021-02-23,114,安徽
禾煜,2021-02-16|2021-02-23,0,山西
禾煜,2021-02-16|2021-02-23,57,海南
禾煜,2021-02-16|2021-02-23,0,台湾
禾煜,2021-02-16|2021-02-23,0,西藏
禾煜,2021-02-16|2021-02-23,0,香港
禾煜,2021-02-16|2021-02-23,0,澳门
八宝粥,2021-02-16|2021-02-23,1616,山东
八宝粥,2021-02-16|2021-02-23,517,贵州
八宝粥,2021-02-16|2021-02-23,640,江西
八宝粥,2021-02-16|2021-02-23,695,重庆
八宝粥,2021-02-16|2021-02-23,664,内蒙古
八宝粥,2021-02-16|2021-02-23,878,湖北
八宝粥,2021-02-16|2021-02-23,907,辽宁
八宝粥,2021-02-16|2021-02-23,739,湖南
八宝粥,2021-02-16|2021-02-23,879,福建
八宝粥,2021-02-16|2021-02-23,1025,上海
八宝粥,2021-02-16|2021-02-23,1268,北京
八宝粥,2021-02-16|2021-02-23,947,广西
八宝粥,2021-02-16|2021-02-23,1573,广东
八宝粥,2021-02-16|2021-02-23,858,四川
八宝粥,2021-02-16|2021-02-23,729,云南
八宝粥,2021-02-16|2021-02-23,1158,江苏
八宝粥,2021-02-16|2021-02-23,1185,浙江
八宝粥,2021-02-16|2021-02-23,117,青海
八宝粥,2021-02-16|2021-02-23,471,宁夏
八宝粥,2021-02-16|2021-02-23,1204,河北
八宝粥,2021-02-16|2021-02-23,720,黑龙江
八宝粥,2021-02-16|2021-02-23,867,吉林
八宝粥,2021-02-16|2021-02-23,815,天津
八宝粥,2021-02-16|2021-02-23,1001,陕西
八宝粥,2021-02-16|2021-02-23,528,甘肃
八宝粥,2021-02-16|2021-02-23,533,新疆
八宝粥,2021-02-16|2021-02-23,1322,河南
八宝粥,2021-02-16|2021-02-23,889,安徽
八宝粥,2021-02-16|2021-02-23,857,山西
八宝粥,2021-02-16|2021-02-23,469,海南
八宝粥,2021-02-16|2021-02-23,57,台湾
八宝粥,2021-02-16|2021-02-23,173,西藏
八宝粥,2021-02-16|2021-02-23,114,香港
八宝粥,2021-02-16|2021-02-23,0,澳门
老干妈,2021-02-16|2021-02-23,1810,山东
老干妈,2021-02-16|2021-02-23,1289,贵州
老干妈,2021-02-16|2021-02-23,988,江西
老干妈,2021-02-16|2021-02-23,912,重庆
老干妈,2021-02-16|2021-02-23,821,内蒙古
老干妈,2021-02-16|2021-02-23,1144,湖北
老干妈,2021-02-16|2021-02-23,1150,辽宁
老干妈,2021-02-16|2021-02-23,1276,湖南
老干妈,2021-02-16|2021-02-23,1312,福建
老干妈,2021-02-16|2021-02-23,1384,上海
老干妈,2021-02-16|2021-02-23,1563,北京
老干妈,2021-02-16|2021-02-23,1057,广西
老干妈,2021-02-16|2021-02-23,2162,广东
老干妈,2021-02-16|2021-02-23,1391,四川
老干妈,2021-02-16|2021-02-23,973,云南
老干妈,2021-02-16|2021-02-23,1689,江苏
老干妈,2021-02-16|2021-02-23,1620,浙江
老干妈,2021-02-16|2021-02-23,320,青海
老干妈,2021-02-16|2021-02-23,415,宁夏
老干妈,2021-02-16|2021-02-23,1357,河北
老干妈,2021-02-16|2021-02-23,928,黑龙江
老干妈,2021-02-16|2021-02-23,892,吉林
老干妈,2021-02-16|2021-02-23,890,天津
老干妈,2021-02-16|2021-02-23,1093,陕西
老干妈,2021-02-16|2021-02-23,690,甘肃
老干妈,2021-02-16|2021-02-23,811,新疆
老干妈,2021-02-16|2021-02-23,1425,河南
老干妈,2021-02-16|2021-02-23,1216,安徽
老干妈,2021-02-16|2021-02-23,949,山西
老干妈,2021-02-16|2021-02-23,679,海南
老干妈,2021-02-16|2021-02-23,58,台湾
老干妈,2021-02-16|2021-02-23,0,西藏
老干妈,2021-02-16|2021-02-23,230,香港
老干妈,2021-02-16|2021-02-23,0,澳门
李锦记,2021-02-16|2021-02-23,1050,山东
李锦记,2021-02-16|2021-02-23,421,贵州
李锦记,2021-02-16|2021-02-23,585,江西
李锦记,2021-02-16|2021-02-23,589,重庆
李锦记,2021-02-16|2021-02-23,358,内蒙古
李锦记,2021-02-16|2021-02-23,622,湖北
李锦记,2021-02-16|2021-02-23,606,辽宁
李锦记,2021-02-16|2021-02-23,680,湖南
李锦记,2021-02-16|2021-02-23,793,福建
李锦记,2021-02-16|2021-02-23,1033,上海
李锦记,2021-02-16|2021-02-23,1001,北京
李锦记,2021-02-16|2021-02-23,620,广西
李锦记,2021-02-16|2021-02-23,1742,广东
李锦记,2021-02-16|2021-02-23,807,四川
李锦记,2021-02-16|2021-02-23,665,云南
李锦记,2021-02-16|2021-02-23,936,江苏
李锦记,2021-02-16|2021-02-23,859,浙江
李锦记,2021-02-16|2021-02-23,115,青海
李锦记,2021-02-16|2021-02-23,57,宁夏
李锦记,2021-02-16|2021-02-23,744,河北
李锦记,2021-02-16|2021-02-23,488,黑龙江
李锦记,2021-02-16|2021-02-23,530,吉林
李锦记,2021-02-16|2021-02-23,612,天津
李锦记,2021-02-16|2021-02-23,626,陕西
李锦记,2021-02-16|2021-02-23,176,甘肃
李锦记,2021-02-16|2021-02-23,404,新疆
李锦记,2021-02-16|2021-02-23,941,河南
李锦记,2021-02-16|2021-02-23,604,安徽
李锦记,2021-02-16|2021-02-23,433,山西
李锦记,2021-02-16|2021-02-23,412,海南
李锦记,2021-02-16|2021-02-23,0,台湾
李锦记,2021-02-16|2021-02-23,114,西藏
李锦记,2021-02-16|2021-02-23,180,香港
李锦记,2021-02-16|2021-02-23,0,澳门
海底捞,2021-02-16|2021-02-23,7264,山东
海底捞,2021-02-16|2021-02-23,1821,贵州
海底捞,2021-02-16|2021-02-23,3162,江西
海底捞,2021-02-16|2021-02-23,3093,重庆
海底捞,2021-02-16|2021-02-23,1932,内蒙古
海底捞,2021-02-16|2021-02-23,4329,湖北
海底捞,2021-02-16|2021-02-23,3546,辽宁
海底捞,2021-02-16|2021-02-23,3706,湖南
海底捞,2021-02-16|2021-02-23,4382,福建
海底捞,2021-02-16|2021-02-23,4482,上海
海底捞,2021-02-16|2021-02-23,6209,北京
海底捞,2021-02-16|2021-02-23,3421,广西
海底捞,2021-02-16|2021-02-23,8812,广东
海底捞,2021-02-16|2021-02-23,5536,四川
海底捞,2021-02-16|2021-02-23,2376,云南
海底捞,2021-02-16|2021-02-23,7445,江苏
海底捞,2021-02-16|2021-02-23,7050,浙江
海底捞,2021-02-16|2021-02-23,839,青海
海底捞,2021-02-16|2021-02-23,1249,宁夏
海底捞,2021-02-16|2021-02-23,4962,河北
海底捞,2021-02-16|2021-02-23,1800,黑龙江
海底捞,2021-02-16|2021-02-23,1829,吉林
海底捞,2021-02-16|2021-02-23,2579,天津
海底捞,2021-02-16|2021-02-23,4893,陕西
海底捞,2021-02-16|2021-02-23,1883,甘肃
海底捞,2021-02-16|2021-02-23,1121,新疆
海底捞,2021-02-16|2021-02-23,6561,河南
海底捞,2021-02-16|2021-02-23,4295,安徽
海底捞,2021-02-16|2021-02-23,3118,山西
海底捞,2021-02-16|2021-02-23,1339,海南
海底捞,2021-02-16|2021-02-23,464,台湾
海底捞,2021-02-16|2021-02-23,406,西藏
海底捞,2021-02-16|2021-02-23,836,香港
海底捞,2021-02-16|2021-02-23,475,澳门
海天,2021-02-16|2021-02-23,1127,山东
海天,2021-02-16|2021-02-23,536,贵州
海天,2021-02-16|2021-02-23,557,江西
海天,2021-02-16|2021-02-23,723,重庆
海天,2021-02-16|2021-02-23,756,内蒙古
海天,2021-02-16|2021-02-23,792,湖北
海天,2021-02-16|2021-02-23,673,辽宁
海天,2021-02-16|2021-02-23,813,湖南
海天,2021-02-16|2021-02-23,924,福建
海天,2021-02-16|2021-02-23,902,上海
海天,2021-02-16|2021-02-23,1024,北京
海天,2021-02-16|2021-02-23,695,广西
海天,2021-02-16|2021-02-23,1610,广东
海天,2021-02-16|2021-02-23,926,四川
海天,2021-02-16|2021-02-23,531,云南
海天,2021-02-16|2021-02-23,1065,江苏
海天,2021-02-16|2021-02-23,1148,浙江
海天,2021-02-16|2021-02-23,114,青海
海天,2021-02-16|2021-02-23,114,宁夏
海天,2021-02-16|2021-02-23,943,河北
海天,2021-02-16|2021-02-23,609,黑龙江
海天,2021-02-16|2021-02-23,360,吉林
海天,2021-02-16|2021-02-23,603,天津
海天,2021-02-16|2021-02-23,677,陕西
海天,2021-02-16|2021-02-23,579,甘肃
海天,2021-02-16|2021-02-23,526,新疆
海天,2021-02-16|2021-02-23,941,河南
海天,2021-02-16|2021-02-23,764,安徽
海天,2021-02-16|2021-02-23,491,山西
海天,2021-02-16|2021-02-23,352,海南
海天,2021-02-16|2021-02-23,57,台湾
海天,2021-02-16|2021-02-23,57,西藏
海天,2021-02-16|2021-02-23,116,香港
海天,2021-02-16|2021-02-23,0,澳门
李子柒,2021-02-16|2021-02-23,7146,山东
李子柒,2021-02-16|2021-02-23,2286,贵州
李子柒,2021-02-16|2021-02-23,3645,江西
李子柒,2021-02-16|2021-02-23,3109,重庆
李子柒,2021-02-16|2021-02-23,1908,内蒙古
李子柒,2021-02-16|2021-02-23,4831,湖北
李子柒,2021-02-16|2021-02-23,3448,辽宁
李子柒,2021-02-16|2021-02-23,4829,湖南
李子柒,2021-02-16|2021-02-23,3992,福建
李子柒,2021-02-16|2021-02-23,4640,上海
李子柒,2021-02-16|2021-02-23,5378,北京
李子柒,2021-02-16|2021-02-23,3708,广西
李子柒,2021-02-16|2021-02-23,9878,广东
李子柒,2021-02-16|2021-02-23,6728,四川
李子柒,2021-02-16|2021-02-23,3392,云南
李子柒,2021-02-16|2021-02-23,6880,江苏
李子柒,2021-02-16|2021-02-23,6917,浙江
李子柒,2021-02-16|2021-02-23,677,青海
李子柒,2021-02-16|2021-02-23,1021,宁夏
李子柒,2021-02-16|2021-02-23,4773,河北
李子柒,2021-02-16|2021-02-23,2168,黑龙江
李子柒,2021-02-16|2021-02-23,2102,吉林
李子柒,2021-02-16|2021-02-23,2104,天津
李子柒,2021-02-16|2021-02-23,3287,陕西
李子柒,2021-02-16|2021-02-23,1910,甘肃
李子柒,2021-02-16|2021-02-23,1729,新疆
李子柒,2021-02-16|2021-02-23,5949,河南
李子柒,2021-02-16|2021-02-23,4595,安徽
李子柒,2021-02-16|2021-02-23,2679,山西
李子柒,2021-02-16|2021-02-23,1607,海南
李子柒,2021-02-16|2021-02-23,746,台湾
李子柒,2021-02-16|2021-02-23,637,西藏
李子柒,2021-02-16|2021-02-23,961,香港
李子柒,2021-02-16|2021-02-23,416,澳门
辣椒酱,2021-02-16|2021-02-23,947,山东
辣椒酱,2021-02-16|2021-02-23,608,贵州
辣椒酱,2021-02-16|2021-02-23,753,江西
辣椒酱,2021-02-16|2021-02-23,379,重庆
辣椒酱,2021-02-16|2021-02-23,484,内蒙古
辣椒酱,2021-02-16|2021-02-23,679,湖北
辣椒酱,2021-02-16|2021-02-23,763,辽宁
辣椒酱,2021-02-16|2021-02-23,679,湖南
辣椒酱,2021-02-16|2021-02-23,799,福建
辣椒酱,2021-02-16|2021-02-23,638,上海
辣椒酱,2021-02-16|2021-02-23,842,北京
辣椒酱,2021-02-16|2021-02-23,785,广西
辣椒酱,2021-02-16|2021-02-23,1255,广东
辣椒酱,2021-02-16|2021-02-23,709,四川
辣椒酱,2021-02-16|2021-02-23,524,云南
辣椒酱,2021-02-16|2021-02-23,991,江苏
辣椒酱,2021-02-16|2021-02-23,894,浙江
辣椒酱,2021-02-16|2021-02-23,114,青海
辣椒酱,2021-02-16|2021-02-23,115,宁夏
辣椒酱,2021-02-16|2021-02-23,936,河北
辣椒酱,2021-02-16|2021-02-23,573,黑龙江
辣椒酱,2021-02-16|2021-02-23,549,吉林
辣椒酱,2021-02-16|2021-02-23,290,天津
辣椒酱,2021-02-16|2021-02-23,364,陕西
辣椒酱,2021-02-16|2021-02-23,345,甘肃
辣椒酱,2021-02-16|2021-02-23,409,新疆
辣椒酱,2021-02-16|2021-02-23,834,河南
辣椒酱,2021-02-16|2021-02-23,911,安徽
辣椒酱,2021-02-16|2021-02-23,440,山西
辣椒酱,2021-02-16|2021-02-23,233,海南
辣椒酱,2021-02-16|2021-02-23,114,台湾
辣椒酱,2021-02-16|2021-02-23,57,西藏
辣椒酱,2021-02-16|2021-02-23,57,香港
辣椒酱,2021-02-16|2021-02-23,0,澳门
